year,country,show,2022-2023 average net flow,constant aid ratios,20% decrease in concessional finance,30% decrease in concessional finance
2023,Developing countries,,59537259833.600006,,,
2023,Developing countries,True,,73754866872.79999,73754866872.79999,73754866872.79999
2024,Developing countries,,59537259833.600006,,,
2024,Developing countries,True,,-29163560966.900024,-29533911785.15851,-29533911785.15851
2025,Developing countries,,59537259833.600006,,,
2025,Developing countries,True,,26927705138.099976,23933611921.83539,19722568803.751953
2026,Developing countries,,59537259833.600006,,,
2026,Developing countries,True,,26372301792.899963,19564508951.375793,11142422715.209106
2027,Developing countries,,59537259833.600006,,,
2027,Developing countries,True,,49187358283.099976,34174715279.796143,21541585925.546143
2023,Africa,,43819799814.35,,,
2023,Africa,True,,46727258882.6,46727258882.6,46727258882.6
2024,Africa,,43819799814.35,,,
2024,Africa,True,,12349097961.59999,11741007626.894516,11741007626.894516
2025,Africa,,43819799814.35,,,
2025,Africa,True,,26344269051.600006,22939794307.185547,20726537160.862213
2026,Africa,,43819799814.35,,,
2026,Africa,True,,31166192418.59999,25084438027.59752,20657923734.95085
2027,Africa,,43819799814.35,,,
2027,Africa,True,,38288107146.600006,28915216854.241608,22275445415.27162
2023,Low income,,36212327524.649994,,,
2023,Low income,True,,39458236284.2,39458236284.2,39458236284.2
2024,Low income,,36212327524.649994,,,
2024,Low income,True,,28630646569.5,28173935912.783264,28173935912.783264
2025,Low income,,36212327524.649994,,,
2025,Low income,True,,34505871881.7,32030603102.476624,30491671529.156624
2026,Low income,,36212327524.649994,,,
2026,Low income,True,,35390520603.2,30903939943.363094,27826076796.723087
2027,Low income,,36212327524.649994,,,
2027,Low income,True,,35381226267.4,28592537378.09764,23975742658.13764
2023,Lower middle income,,50693227306.35,,,
2023,Lower middle income,True,,53801872119.3,53801872119.3,53801872119.3
2024,Lower middle income,,50693227306.35,,,
2024,Lower middle income,True,,-6846881377.200012,-6654064102.997742,-6654064102.997742
2025,Lower middle income,,50693227306.35,,,
2025,Lower middle income,True,,8563211185.199982,8457921905.734344,6469162172.901001
2026,Lower middle income,,50693227306.35,,,
2026,Lower middle income,True,,7052581380.899994,5737681255.581818,1760161789.9151611
2027,Lower middle income,,50693227306.35,,,
2027,Lower middle income,True,,21176529878.099976,15456507811.07782,9490228612.57782
2023,Upper middle income,,-27574386206.149998,,,
2023,Upper middle income,True,,-19711731276.6,-19711731276.6,-19711731276.6
2024,Upper middle income,,-27574386206.149998,,,
2024,Upper middle income,True,,-51037746918.80002,-51144719012.00513,-51144719012.00513
2025,Upper middle income,,-27574386206.149998,,,
2025,Upper middle income,True,,-16209210423.800018,-16620140434.344149,-17301571446.27414
2026,Upper middle income,,-27574386206.149998,,,
2026,Upper middle income,True,,-16127342507.800018,-17130957802.116272,-18493819825.976288
2027,Upper middle income,,-27574386206.149998,,,
2027,Upper middle income,True,,-7426812462.899994,-9926838845.620544,-11971131881.410522
2023,Afghanistan,,3524051500.0,,,
2023,Afghanistan,True,,3103520000.0,3103520000.0,3103520000.0
2024,Afghanistan,,3524051500.0,,,
2024,Afghanistan,True,,2986710885.7,2919769387.2873626,2919769387.2873626
2025,Afghanistan,,3524051500.0,,,
2025,Afghanistan,True,,2993679117.6,2703352269.9343796,2570711936.601046
2026,Afghanistan,,3524051500.0,,,
2026,Afghanistan,True,,2998410771.5,2450398273.223242,2185117606.5565753
2027,Afghanistan,,3524051500.0,,,
2027,Afghanistan,True,,3002215481.3,2154777606.9048324,1756856606.904832
2023,Albania,,545758163.95,,,
2023,Albania,True,,831963092.0,831963092.0,831963092.0
2024,Albania,,545758163.95,,,
2024,Albania,True,,571056649.6999999,555289881.3666188,555289881.3666188
2025,Albania,,545758163.95,,,
2025,Albania,True,,4200167.200000048,-17398076.472795963,-24606734.15946269
2026,Albania,,545758163.95,,,
2026,Albania,True,,688801506.9,660459919.6618148,646042604.2884811
2027,Albania,,545758163.95,,,
2027,Albania,True,,228127996.29999995,193717603.6683457,172091630.6083455
2023,Algeria,,122534722.25,,,
2023,Algeria,True,,132623359.9,132623359.9,132623359.9
2024,Algeria,,122534722.25,,,
2024,Algeria,True,,147076414.9,134820270.61966762,134820270.61966762
2025,Algeria,,122534722.25,,,
2025,Algeria,True,,161739905.60000002,134848569.03152418,127715902.36485744
2026,Algeria,,122534722.25,,,
2026,Algeria,True,,161711356.5,133977939.82648095,119712606.49314764
2027,Algeria,,122534722.25,,,
2027,Algeria,True,,163264292.5,135365615.2845475,113967615.28454752
2023,Angola,,-3540578576.3,,,
2023,Angola,True,,-6576210642.7,-6576210642.7,-6576210642.7
2024,Angola,,-3540578576.3,,,
2024,Angola,True,,-8661298937.0,-8656777185.136723,-8656777185.136723
2025,Angola,,-3540578576.3,,,
2025,Angola,True,,-8404893715.2,-8412520696.78075,-8421663395.334084
2026,Angola,,-3540578576.3,,,
2026,Angola,True,,-5724261945.2,-5743159373.121315,-5761444770.227982
2027,Angola,,-3540578576.3,,,
2027,Angola,True,,-4827283872.899999,-4860783018.3519,-4888211114.0119
2023,Argentina,,-2234787093.4500003,,,
2023,Argentina,True,,-2090486577.1000004,-2090486577.1000004,-2090486577.1000004
2024,Argentina,,-2234787093.4500003,,,
2024,Argentina,True,,-21065759764.1,-21067838839.258343,-21067838839.258343
2025,Argentina,,-2234787093.4500003,,,
2025,Argentina,True,,317964028.0,314262815.7536011,309006582.42026806
2026,Argentina,,-2234787093.4500003,,,
2026,Argentina,True,,183179088.00000095,178641034.2311821,168128567.5645151
2027,Argentina,,-2234787093.4500003,,,
2027,Argentina,True,,815181181.6000004,809271924.4642963,793503224.4642963
2023,Armenia,,53231662.05000007,,,
2023,Armenia,True,,-96139624.0999999,-96139624.0999999,-96139624.0999999
2024,Armenia,,53231662.05000007,,,
2024,Armenia,True,,28078517.30000007,19972637.677196145,19972637.677196145
2025,Armenia,,53231662.05000007,,,
2025,Armenia,True,,-298398038.5999999,-319760761.67816377,-327738382.7781638
2026,Armenia,,53231662.05000007,,,
2026,Armenia,True,,-73866481.19999993,-108590982.560506,-124546224.76050603
2027,Armenia,,53231662.05000007,,,
2027,Armenia,True,,29270976.100000024,-19220269.21174347,-43153132.51174343
2023,Azerbaijan,,-1006225811.3500001,,,
2023,Azerbaijan,True,,-1223332896.3000002,-1223332896.3000002,-1223332896.3000002
2024,Azerbaijan,,-1006225811.3500001,,,
2024,Azerbaijan,True,,-3168414849.7,-3171282242.6173434,-3171282242.6173434
2025,Azerbaijan,,-1006225811.3500001,,,
2025,Azerbaijan,True,,-1281112158.1,-1290954506.2783403,-1296414354.935007
2026,Azerbaijan,,-1006225811.3500001,,,
2026,Azerbaijan,True,,-3410647124.6,-3424571592.403481,-3435491289.7168145
2027,Azerbaijan,,-1006225811.3500001,,,
2027,Azerbaijan,True,,-877815797.9,-895906648.0559516,-912286194.0259516
2023,Bangladesh,,7903847090.25,,,
2023,Bangladesh,True,,7105406388.6,7105406388.6,7105406388.6
2024,Bangladesh,,7903847090.25,,,
2024,Bangladesh,True,,5157385249.700001,5282343993.846184,5282343993.846184
2025,Bangladesh,,7903847090.25,,,
2025,Bangladesh,True,,4509495792.1,4890021576.834087,4716980426.237419
2026,Bangladesh,,7903847090.25,,,
2026,Bangladesh,True,,4306650698.200001,4727205101.357161,4381122800.163828
2027,Bangladesh,,7903847090.25,,,
2027,Bangladesh,True,,3464311196.700001,3344664666.0427666,2825541214.2527637
2023,Belarus,,-1922320734.6999998,,,
2023,Belarus,True,,-2354962084.1,-2354962084.1,-2354962084.1
2024,Belarus,,-1922320734.6999998,,,
2024,Belarus,True,,-1753450881.8000002,-1755613971.6879225,-1755613971.6879225
2025,Belarus,,-1922320734.6999998,,,
2025,Belarus,True,,-1251034006.5,-1259736237.0272028,-1265155570.360536
2026,Belarus,,-1922320734.6999998,,,
2026,Belarus,True,,-1398190597.5,-1413321363.911691,-1424160030.5783577
2027,Belarus,,-1922320734.6999998,,,
2027,Belarus,True,,-2156383020.4,-2178192339.290018,-2194450339.290018
2023,Belize,,19927940.9,,,
2023,Belize,True,,22888235.200000003,22888235.200000003,22888235.200000003
2024,Belize,,19927940.9,,,
2024,Belize,True,,-52893563.2,-52342997.01228073,-52342997.01228073
2025,Belize,,19927940.9,,,
2025,Belize,True,,-2322304.399999991,-3944033.905489251,-5676233.905489251
2026,Belize,,19927940.9,,,
2026,Belize,True,,-242709.20000000295,-3097133.487210408,-6561533.487210408
2027,Belize,,19927940.9,,,
2027,Belize,True,,-4635729.5,-9069629.124654517,-14266229.124654517
2023,Benin,,1204010878.2,,,
2023,Benin,True,,1464069761.9,1464069761.9,1464069761.9
2024,Benin,,1204010878.2,,,
2024,Benin,True,,1333145553.8,1313444481.0981886,1313444481.0981886
2025,Benin,,1204010878.2,,,
2025,Benin,True,,1261927520.5,1194819379.7319436,1154213877.6419437
2026,Benin,,1204010878.2,,,
2026,Benin,True,,1250318534.1,1151551104.0589538,1070340099.8789536
2027,Benin,,1204010878.2,,,
2027,Benin,True,,1288652983.9,1146821057.703713,1025004551.4337132
2023,Bhutan,,138274193.7,,,
2023,Bhutan,True,,118025821.0,118025821.0,118025821.0
2024,Bhutan,,138274193.7,,,
2024,Bhutan,True,,-116550606.3000001,-112464262.99673674,-112464262.99673674
2025,Bhutan,,138274193.7,,,
2025,Bhutan,True,,-106173100.39999996,-90187374.19557272,-95731770.65223938
2026,Bhutan,,138274193.7,,,
2026,Bhutan,True,,-244960644.99999997,-224619907.12143695,-235708700.03477025
2027,Bhutan,,138274193.7,,,
2027,Bhutan,True,,-164233713.20000002,-158720181.33273298,-175353370.70273298
2023,Bolivia,,220805439.29999995,,,
2023,Bolivia,True,,-131540046.9000001,-131540046.9000001,-131540046.9000001
2024,Bolivia,,220805439.29999995,,,
2024,Bolivia,True,,50814216.39999986,50273570.937939405,50273570.937939405
2025,Bolivia,,220805439.29999995,,,
2025,Bolivia,True,,14418778.299999952,11344546.482623816,4334511.969290495
2026,Bolivia,,220805439.29999995,,,
2026,Bolivia,True,,2787700.5999999046,2322836.30503273,-11697232.72163415
2027,Bolivia,,220805439.29999995,,,
2027,Bolivia,True,,29906819.200000048,34137182.430722,13107078.890722277
2023,Bosnia and Herzegovina,,99443401.24999994,,,
2023,Bosnia and Herzegovina,True,,89154769.79999995,89154769.79999995,89154769.79999995
2024,Bosnia and Herzegovina,,99443401.24999994,,,
2024,Bosnia and Herzegovina,True,,226172562.4,217232113.34487832,217232113.34487832
2025,Bosnia and Herzegovina,,99443401.24999994,,,
2025,Bosnia and Herzegovina,True,,251294858.70000005,231222217.74928403,221758551.0826174
2026,Bosnia and Herzegovina,,99443401.24999994,,,
2026,Bosnia and Herzegovina,True,,-393138366.9,-425847708.8177136,-444775042.1510471
2027,Bosnia and Herzegovina,,99443401.24999994,,,
2027,Bosnia and Herzegovina,True,,347194591.9,302756469.70932937,274365469.70932937
2023,Botswana,,27783477.850000024,,,
2023,Botswana,True,,-87065482.6,-87065482.6,-87065482.6
2024,Botswana,,27783477.850000024,,,
2024,Botswana,True,,-115258612.4,-114584903.3433543,-114584903.3433543
2025,Botswana,,27783477.850000024,,,
2025,Botswana,True,,-127667391.9,-136993574.46890742,-141390868.45557404
2026,Botswana,,27783477.850000024,,,
2026,Botswana,True,,-133394169.20000002,-153411076.25622922,-162205664.22956255
2027,Botswana,,27783477.850000024,,,
2027,Botswana,True,,-151138779.29999998,-183599182.25001696,-196791064.21001697
2023,Brazil,,-8941704479.599997,,,
2023,Brazil,True,,-10914397895.8,-10914397895.8,-10914397895.8
2024,Brazil,,-8941704479.599997,,,
2024,Brazil,True,,-5765126072.400002,-5805211030.544453,-5805211030.544453
2025,Brazil,,-8941704479.599997,,,
2025,Brazil,True,,-5364646264.700001,-5405464856.961529,-5426469038.931526
2026,Brazil,,-8941704479.599997,,,
2026,Brazil,True,,306122687.3999977,246206994.83081055,204198630.8908081
2027,Brazil,,-8941704479.599997,,,
2027,Brazil,True,,4152237778.199999,4059452410.632689,3996439864.722693
2023,Burkina Faso,,1521930397.3,,,
2023,Burkina Faso,True,,1589090590.1,1589090590.1,1589090590.1
2024,Burkina Faso,,1521930397.3,,,
2024,Burkina Faso,True,,1422957205.1,1404249939.6051378,1404249939.6051378
2025,Burkina Faso,,1521930397.3,,,
2025,Burkina Faso,True,,1395140187.3,1314883377.993702,1257837548.0270357
2026,Burkina Faso,,1521930397.3,,,
2026,Burkina Faso,True,,1381944367.6,1266266151.886726,1152174491.9533925
2027,Burkina Faso,,1521930397.3,,,
2027,Burkina Faso,True,,1357708929.9,1195290145.150323,1024152655.2503228
2023,Burundi,,596684899.6,,,
2023,Burundi,True,,602275395.9,602275395.9,602275395.9
2024,Burundi,,596684899.6,,,
2024,Burundi,True,,566698991.6,563342097.5350746,563342097.5350746
2025,Burundi,,596684899.6,,,
2025,Burundi,True,,560301197.3,537998209.3802899,516966017.64362335
2026,Burundi,,596684899.6,,,
2026,Burundi,True,,557299716.4,518222120.0067042,476157736.53337085
2027,Burundi,,596684899.6,,,
2027,Burundi,True,,557245175.6999999,487600633.0065766,424504057.7965767
2023,Cabo Verde,,55958946.9,,,
2023,Cabo Verde,True,,16154744.099999994,16154744.099999994,16154744.099999994
2024,Cabo Verde,,55958946.9,,,
2024,Cabo Verde,True,,-10519534.800000012,-8939161.902736783,-8939161.902736783
2025,Cabo Verde,,55958946.9,,,
2025,Cabo Verde,True,,-6549435.5,-1292826.4372818768,-5663523.720615178
2026,Cabo Verde,,55958946.9,,,
2026,Cabo Verde,True,,1411692.599999994,7896015.664021254,-845378.9026454091
2027,Cabo Verde,,55958946.9,,,
2027,Cabo Verde,True,,4303598.400000006,6459931.745875776,-6652160.104124188
2023,Cambodia,,1524240990.45,,,
2023,Cambodia,True,,1533107232.5,1533107232.5,1533107232.5
2024,Cambodia,,1524240990.45,,,
2024,Cambodia,True,,1209509403.6,1278515847.0608006,1278515847.0608006
2025,Cambodia,,1524240990.45,,,
2025,Cambodia,True,,1166246831.6,1266974685.7993217,1216962757.0293217
2026,Cambodia,,1524240990.45,,,
2026,Cambodia,True,,1290039756.9,1401053144.1123214,1301029286.5723214
2027,Cambodia,,1524240990.45,,,
2027,Cambodia,True,,1257780517.7,1286284190.0034108,1136248403.6934109
2023,Cameroon,,415320866.8000001,,,
2023,Cameroon,True,,285500499.10000014,285500499.10000014,285500499.10000014
2024,Cameroon,,415320866.8000001,,,
2024,Cameroon,True,,14982202.299999952,-13364653.494593143,-13364653.494593143
2025,Cameroon,,415320866.8000001,,,
2025,Cameroon,True,,-60612865.0,-138980350.927217,-178809541.0205505
2026,Cameroon,,415320866.8000001,,,
2026,Cameroon,True,,105198138.79999997,-5295278.860548735,-84953659.04721546
2027,Cameroon,,415320866.8000001,,,
2027,Cameroon,True,,277761199.10000014,127065530.010329,7577959.730329037
2023,Central African Republic,,680178900.0999999,,,
2023,Central African Republic,True,,738485177.4,738485177.4,738485177.4
2024,Central African Republic,,680178900.0999999,,,
2024,Central African Republic,True,,721813196.6,707415387.7150272,707415387.7150272
2025,Central African Republic,,680178900.0999999,,,
2025,Central African Republic,True,,718794939.5,675090654.4625111,650708859.862511
2026,Central African Republic,,680178900.0999999,,,
2026,Central African Republic,True,,716346775.9,646192765.4478749,597429176.2478749
2027,Central African Republic,,680178900.0999999,,,
2027,Central African Republic,True,,716457581.7,618735175.485901,545589791.6859009
2023,Chad,,602652373.9000001,,,
2023,Chad,True,,823521008.2,823521008.2,823521008.2
2024,Chad,,602652373.9000001,,,
2024,Chad,True,,795105006.1,779402630.3915602,779402630.3915602
2025,Chad,,602652373.9000001,,,
2025,Chad,True,,801865850.6,757929262.4514705,726471063.5748037
2026,Chad,,602652373.9000001,,,
2026,Chad,True,,871254746.8,811586113.178195,748669715.4248617
2027,Chad,,602652373.9000001,,,
2027,Chad,True,,822197242.4,743665869.67847,649291273.04847
2023,Colombia,,1619064092.3999987,,,
2023,Colombia,True,,1128940512.1999989,1128940512.1999989,1128940512.1999989
2024,Colombia,,1619064092.3999987,,,
2024,Colombia,True,,4969608436.099998,4952122797.551405,4952122797.551405
2025,Colombia,,1619064092.3999987,,,
2025,Colombia,True,,3574568538.8999996,3419903452.363968,3363022785.6973
2026,Colombia,,1619064092.3999987,,,
2026,Colombia,True,,1288253810.5,1008665526.18964,894904192.8563042
2027,Colombia,,1619064092.3999987,,,
2027,Colombia,True,,863220627.0,458784774.95519257,288142774.95519257
2023,Comoros,,143827404.55,,,
2023,Comoros,True,,144611723.6,144611723.6,144611723.6
2024,Comoros,,143827404.55,,,
2024,Comoros,True,,117400656.9,116043021.02241588,116043021.02241588
2025,Comoros,,143827404.55,,,
2025,Comoros,True,,114511450.29999998,109791597.41818616,104988694.30151948
2026,Comoros,,143827404.55,,,
2026,Comoros,True,,113303599.1,108684137.24624376,99078331.01291046
2027,Comoros,,143827404.55,,,
2027,Comoros,True,,121629093.7,115949679.85389838,101540970.50389838
2023,Congo Republic,,-323526398.1999999,,,
2023,Congo Republic,True,,-224115321.19999993,-224115321.19999993,-224115321.19999993
2024,Congo Republic,,-323526398.1999999,,,
2024,Congo Republic,True,,-358019035.29999995,-362098023.60258216,-362098023.60258216
2025,Congo Republic,,-323526398.1999999,,,
2025,Congo Republic,True,,-297720903.9,-311848609.0419422,-319331125.44194216
2026,Congo Republic,,-323526398.1999999,,,
2026,Congo Republic,True,,-245596386.0,-262375770.95857608,-277340803.7585761
2027,Congo Republic,,-323526398.1999999,,,
2027,Congo Republic,True,,-218905145.9,-239229067.64259595,-261676616.842596
2023,Costa Rica,,903176583.9999998,,,
2023,Costa Rica,True,,856297548.3999996,856297548.3999996,856297548.3999996
2024,Costa Rica,,903176583.9999998,,,
2024,Costa Rica,True,,1924555564.0,1925013691.5667255,1925013691.5667255
2025,Costa Rica,,903176583.9999998,,,
2025,Costa Rica,True,,964904278.1999998,957737744.6924767,953179954.0291432
2026,Costa Rica,,903176583.9999998,,,
2026,Costa Rica,True,,2177913391.7999997,2163083117.6714606,2153967536.344794
2027,Costa Rica,,903176583.9999998,,,
2027,Costa Rica,True,,1995884439.0,1971183092.559859,1957509720.5698588
2023,Cote d'Ivoire,,3261835558.7500005,,,
2023,Cote d'Ivoire,True,,2121323537.3,2121323537.3,2121323537.3
2024,Cote d'Ivoire,,3261835558.7500005,,,
2024,Cote d'Ivoire,True,,1281550111.0000005,1253915232.4764855,1253915232.4764855
2025,Cote d'Ivoire,,3261835558.7500005,,,
2025,Cote d'Ivoire,True,,1015290191.4000006,941603694.7593032,876656906.9693031
2026,Cote d'Ivoire,,3261835558.7500005,,,
2026,Cote d'Ivoire,True,,1358776737.9000006,1242117945.6932,1112224370.1132002
2027,Cote d'Ivoire,,3261835558.7500005,,,
2027,Cote d'Ivoire,True,,1318931080.3000002,1095848002.8981953,901007639.5281954
2023,DR Congo,,3567618868.1000004,,,
2023,DR Congo,True,,4002945195.3,4002945195.3,4002945195.3
2024,DR Congo,,3567618868.1000004,,,
2024,DR Congo,True,,3545942688.0999994,3507798044.808793,3507798044.808793
2025,DR Congo,,3567618868.1000004,,,
2025,DR Congo,True,,3870699009.4,3564965945.867367,3388780832.5840335
2026,DR Congo,,3567618868.1000004,,,
2026,DR Congo,True,,3832298493.8,3270007880.5377545,2917637653.971088
2027,DR Congo,,3567618868.1000004,,,
2027,DR Congo,True,,3806056223.9,2973672053.2420387,2445116713.392039
2023,Djibouti,,286955688.45,,,
2023,Djibouti,True,,420221095.99999994,420221095.99999994,420221095.99999994
2024,Djibouti,,286955688.45,,,
2024,Djibouti,True,,243710294.8,244799293.30233765,244799293.30233765
2025,Djibouti,,286955688.45,,,
2025,Djibouti,True,,202214642.40000004,204448259.71687067,196717250.690204
2026,Djibouti,,286955688.45,,,
2026,Djibouti,True,,206101637.1,206255190.5322968,190793172.4789635
2027,Djibouti,,286955688.45,,,
2027,Djibouti,True,,221508719.2,206522414.9250847,183329387.8450848
2023,Dominica,,37666473.8,,,
2023,Dominica,True,,30910818.4,30910818.4,30910818.4
2024,Dominica,,37666473.8,,,
2024,Dominica,True,,12350966.700000005,12456356.089312404,12456356.089312404
2025,Dominica,,37666473.8,,,
2025,Dominica,True,,37212848.0,36101528.709208086,34341395.37587475
2026,Dominica,,37666473.8,,,
2026,Dominica,True,,29262653.0,28203579.234379873,24683312.5677132
2027,Dominica,,37666473.8,,,
2027,Dominica,True,,40467176.8,39406732.014700264,34126332.014700264
2023,Dominican Republic,,1014650891.6500006,,,
2023,Dominican Republic,True,,698289170.1000009,698289170.1000009,698289170.1000009
2024,Dominican Republic,,1014650891.6500006,,,
2024,Dominican Republic,True,,1459968816.0000005,1463072911.4725394,1463072911.4725394
2025,Dominican Republic,,1014650891.6500006,,,
2025,Dominican Republic,True,,313048393.20000076,300724584.55178547,293594917.88511944
2026,Dominican Republic,,1014650891.6500006,,,
2026,Dominican Republic,True,,-549230751.5999994,-576422620.0290203,-590681953.3623533
2027,Dominican Republic,,1014650891.6500006,,,
2027,Dominican Republic,True,,-173914365.69999886,-216151087.82574463,-237540087.82574463
2023,Ecuador,,-58688328.849999905,,,
2023,Ecuador,True,,172163329.3000002,172163329.3000002,172163329.3000002
2024,Ecuador,,-58688328.849999905,,,
2024,Ecuador,True,,-1008743073.5000004,-1001318702.7577916,-1001318702.7577916
2025,Ecuador,,-58688328.849999905,,,
2025,Ecuador,True,,-349854032.5,-330243667.44688463,-345381437.1368847
2026,Ecuador,,-58688328.849999905,,,
2026,Ecuador,True,,-741936249.1999998,-725747207.2457666,-756022746.6257668
2027,Ecuador,,-58688328.849999905,,,
2027,Ecuador,True,,-766840182.5,-799786496.7794967,-845199805.8494973
2023,Egypt,,760063325.0999994,,,
2023,Egypt,True,,1037977706.5999984,1037977706.5999984,1037977706.5999984
2024,Egypt,,760063325.0999994,,,
2024,Egypt,True,,-4470977958.1,-4464899103.437788,-4464899103.437788
2025,Egypt,,760063325.0999994,,,
2025,Egypt,True,,2737697757.5,2770251543.867981,2725542605.651312
2026,Egypt,,760063325.0999994,,,
2026,Egypt,True,,-1670382410.3000011,-1657615078.7668457,-1747032955.20018
2027,Egypt,,760063325.0999994,,,
2027,Egypt,True,,2794854487.8999996,2659194025.154394,2525067210.5043964
2023,El Salvador,,-446261871.35,,,
2023,El Salvador,True,,-12260404.80000019,-12260404.80000019,-12260404.80000019
2024,El Salvador,,-446261871.35,,,
2024,El Salvador,True,,422512480.6999998,428857052.2644322,428857052.2644322
2025,El Salvador,,-446261871.35,,,
2025,El Salvador,True,,119505311.29999997,104249652.964854,86192866.02818775
2026,El Salvador,,-446261871.35,,,
2026,El Salvador,True,,453532243.39999986,412505261.262521,376391687.3891876
2027,El Salvador,,-446261871.35,,,
2027,El Salvador,True,,-151273915.0,-229500997.62144184,-283671358.431442
2023,Eritrea,,83108484.15,,,
2023,Eritrea,True,,114884304.3,114884304.3,114884304.3
2024,Eritrea,,83108484.15,,,
2024,Eritrea,True,,89324732.6,88518284.6607234,88518284.6607234
2025,Eritrea,,83108484.15,,,
2025,Eritrea,True,,92362661.5,91683895.83246271,88879179.71246272
2026,Eritrea,,83108484.15,,,
2026,Eritrea,True,,94126698.3,93351078.99119824,87741646.75119825
2027,Eritrea,,83108484.15,,,
2027,Eritrea,True,,94449155.79999998,93426462.29694414,85012313.93694416
2023,Eswatini,,176572968.3,,,
2023,Eswatini,True,,104207377.1,104207377.1,104207377.1
2024,Eswatini,,176572968.3,,,
2024,Eswatini,True,,83768344.3,83254538.77236973,83254538.77236973
2025,Eswatini,,176572968.3,,,
2025,Eswatini,True,,67571216.89999999,53941345.32181238,48117838.521812364
2026,Eswatini,,176572968.3,,,
2026,Eswatini,True,,58278985.599999994,32220364.963896275,20573351.36389628
2027,Eswatini,,176572968.3,,,
2027,Eswatini,True,,52277731.3,13409071.325503692,-4061449.074496314
2023,Ethiopia,,5307446632.75,,,
2023,Ethiopia,True,,7141731755.1,7141731755.1,7141731755.1
2024,Ethiopia,,5307446632.75,,,
2024,Ethiopia,True,,-608787293.8999996,-591785793.7317314,-591785793.7317314
2025,Ethiopia,,5307446632.75,,,
2025,Ethiopia,True,,4992967737.700001,4687198501.41143,4445097142.398098
2026,Ethiopia,,5307446632.75,,,
2026,Ethiopia,True,,5972715627.200001,5346733621.122187,4862530903.09552
2027,Ethiopia,,5307446632.75,,,
2027,Ethiopia,True,,6078609614.400001,5086576832.410239,4360272755.370239
2023,Fiji,,310988817.45000005,,,
2023,Fiji,True,,117647570.1,117647570.1,117647570.1
2024,Fiji,,310988817.45000005,,,
2024,Fiji,True,,105139642.9,111775355.46644028,111775355.46644028
2025,Fiji,,310988817.45000005,,,
2025,Fiji,True,,101094597.1,108567013.96075907,102206480.62742576
2026,Fiji,,310988817.45000005,,,
2026,Fiji,True,,96298546.3,107090068.75116836,94369002.08450171
2027,Fiji,,310988817.45000005,,,
2027,Fiji,True,,99571481.5,110687028.37848926,91605428.37848924
2023,Gabon,,-184639108.50000003,,,
2023,Gabon,True,,-206970574.0,-206970574.0,-206970574.0
2024,Gabon,,-184639108.50000003,,,
2024,Gabon,True,,-109541881.10000002,-111117643.68643618,-111117643.68643618
2025,Gabon,,-184639108.50000003,,,
2025,Gabon,True,,-36267147.0,-40904908.923841834,-42521575.59050846
2026,Gabon,,-184639108.50000003,,,
2026,Gabon,True,,25807018.799999952,20843383.95160389,17610050.618270636
2027,Gabon,,-184639108.50000003,,,
2027,Gabon,True,,80297452.39999998,74515399.87819803,69665399.87819803
2023,Gambia,,329469838.25,,,
2023,Gambia,True,,379080876.3,379080876.3,379080876.3
2024,Gambia,,329469838.25,,,
2024,Gambia,True,,297931067.6,295846734.0693224,295846734.0693224
2025,Gambia,,329469838.25,,,
2025,Gambia,True,,326900131.70000005,323828073.75398767,312210666.06732106
2026,Gambia,,329469838.25,,,
2026,Gambia,True,,324730467.3,317578225.9754002,294343410.60206693
2027,Gambia,,329469838.25,,,
2027,Gambia,True,,315148815.9,302954589.2815467,268102366.22154665
2023,Georgia,,569590865.1999999,,,
2023,Georgia,True,,495329989.0999999,495329989.0999999,495329989.0999999
2024,Georgia,,569590865.1999999,,,
2024,Georgia,True,,322222463.9999999,302335752.11342704,302335752.11342704
2025,Georgia,,569590865.1999999,,,
2025,Georgia,True,,272881285.39999986,229477719.77280092,215018628.43946767
2026,Georgia,,569590865.1999999,,,
2026,Georgia,True,,-243130601.5,-310142223.30034375,-339060405.9670105
2027,Georgia,,569590865.1999999,,,
2027,Georgia,True,,244856309.29999995,152919191.8570361,109541917.857036
2023,Ghana,,1218630111.0,,,
2023,Ghana,True,,1260039320.2,1260039320.2,1260039320.2
2024,Ghana,,1218630111.0,,,
2024,Ghana,True,,-1347378136.1,-1356403625.0071108,-1356403625.0071108
2025,Ghana,,1218630111.0,,,
2025,Ghana,True,,-1913550537.1,-1967123579.9097168,-2002097014.2663832
2026,Ghana,,1218630111.0,,,
2026,Ghana,True,,-2341134861.3,-2430945925.2115307,-2500892793.9248643
2027,Ghana,,1218630111.0,,,
2027,Ghana,True,,-972534551.2,-1116914564.5255094,-1221834867.5955093
2023,Grenada,,18070969.699999996,,,
2023,Grenada,True,,30550060.299999997,30550060.299999997,30550060.299999997
2024,Grenada,,18070969.699999996,,,
2024,Grenada,True,,21687270.799999997,22017027.946108148,22017027.946108148
2025,Grenada,,18070969.699999996,,,
2025,Grenada,True,,21921586.499999993,21263052.20486798,19682818.871534653
2026,Grenada,,18070969.699999996,,,
2026,Grenada,True,,22414445.39999999,21943648.646111473,18783181.979444817
2027,Grenada,,18070969.699999996,,,
2027,Grenada,True,,27003795.999999993,26564794.132997833,21824094.132997833
2023,Guatemala,,583639050.5,,,
2023,Guatemala,True,,1192754003.3000002,1192754003.3000002,1192754003.3000002
2024,Guatemala,,583639050.5,,,
2024,Guatemala,True,,1046138107.1,1046623610.8569324,1046623610.8569324
2025,Guatemala,,583639050.5,,,
2025,Guatemala,True,,1045999264.5000002,997501652.851383,975925244.831383
2026,Guatemala,,583639050.5,,,
2026,Guatemala,True,,329682444.2000003,236953496.642581,193800680.60258105
2027,Guatemala,,583639050.5,,,
2027,Guatemala,True,,611881367.6000001,479543423.23007107,414814199.1700711
2023,Guinea,,564890719.55,,,
2023,Guinea,True,,608170035.9,608170035.9,608170035.9
2024,Guinea,,564890719.55,,,
2024,Guinea,True,,222766310.0999999,217566600.41597295,217566600.41597295
2025,Guinea,,564890719.55,,,
2025,Guinea,True,,168482926.5999999,146483936.5538925,127950758.05722582
2026,Guinea,,564890719.55,,,
2026,Guinea,True,,162941287.0,131543419.3763535,94477062.38302016
2027,Guinea,,564890719.55,,,
2027,Guinea,True,,174376824.0999999,129616070.10515308,74016534.61515307
2023,Guinea-Bissau,,139040750.95,,,
2023,Guinea-Bissau,True,,165270118.1,165270118.1,165270118.1
2024,Guinea-Bissau,,139040750.95,,,
2024,Guinea-Bissau,True,,134025347.1,134101867.25799853,134101867.25799853
2025,Guinea-Bissau,,139040750.95,,,
2025,Guinea-Bissau,True,,136320521.5,134768965.40410495,129294917.9007716
2026,Guinea-Bissau,,139040750.95,,,
2026,Guinea-Bissau,True,,134404287.39999998,132021845.31574713,121073750.30908044
2027,Guinea-Bissau,,139040750.95,,,
2027,Guinea-Bissau,True,,136296994.29999998,133886581.54461405,117464439.03461409
2023,Guyana,,206091208.75,,,
2023,Guyana,True,,206489745.90000004,206489745.90000004,206489745.90000004
2024,Guyana,,206091208.75,,,
2024,Guyana,True,,153502609.60000002,154017267.0610727,154017267.0610727
2025,Guyana,,206091208.75,,,
2025,Guyana,True,,112875955.20000002,110270808.16853352,108350008.16853352
2026,Guyana,,206091208.75,,,
2026,Guyana,True,,80565081.60000002,77868319.54719359,74026719.54719359
2027,Guyana,,206091208.75,,,
2027,Guyana,True,,76628451.4,72722787.1412172,66960387.1412172
2023,Haiti,,951435500.0,,,
2023,Haiti,True,,1022145000.0,1022145000.0,1022145000.0
2024,Haiti,,951435500.0,,,
2024,Haiti,True,,890827227.4,886823221.0813828,886823221.0813828
2025,Haiti,,951435500.0,,,
2025,Haiti,True,,896372655.5,798373705.703021,753261039.0363544
2026,Haiti,,951435500.0,,,
2026,Haiti,True,,893958750.1,730804161.3118442,640578827.978511
2027,Haiti,,951435500.0,,,
2027,Haiti,True,,897453332.2,664210486.0618267,528872486.0618268
2023,Honduras,,175793692.05,,,
2023,Honduras,True,,-148495272.30000007,-148495272.30000007,-148495272.30000007
2024,Honduras,,175793692.05,,,
2024,Honduras,True,,-243114023.29999995,-245277728.48725927,-245277728.48725927
2025,Honduras,,175793692.05,,,
2025,Honduras,True,,-413328730.0,-458331159.662007,-479099327.1286735
2026,Honduras,,175793692.05,,,
2026,Honduras,True,,-99851923.89999998,-184919309.57078755,-226455644.50412083
2027,Honduras,,175793692.05,,,
2027,Honduras,True,,-853099683.4000001,-984290242.0717117,-1046594744.4717116
2023,India,,4593492727.949999,,,
2023,India,True,,6277959413.0,6277959413.0,6277959413.0
2024,India,,4593492727.949999,,,
2024,India,True,,-7508862510.499996,-7447384334.446793,-7447384334.446793
2025,India,,4593492727.949999,,,
2025,India,True,,-1363344854.4000015,-676832149.6197853,-892125677.64645
2026,India,,4593492727.949999,,,
2026,India,True,,-6066540710.000004,-5194860426.537273,-5625447482.5906105
2027,India,,4593492727.949999,,,
2027,India,True,,-5072326068.100002,-5086495501.812607,-5732376085.892605
2023,Indonesia,,-9889716454.449999,,,
2023,Indonesia,True,,630447650.7000008,630447650.7000008,630447650.7000008
2024,Indonesia,,-9889716454.449999,,,
2024,Indonesia,True,,-13984348244.599998,-13891704214.119495,-13891704214.119495
2025,Indonesia,,-9889716454.449999,,,
2025,Indonesia,True,,1955513467.7000008,2214913185.1226425,2132354423.6593056
2026,Indonesia,,-9889716454.449999,,,
2026,Indonesia,True,,4264354839.5999985,4574142284.488884,4409024761.562214
2027,Indonesia,,-9889716454.449999,,,
2027,Indonesia,True,,3558765912.200001,3594812818.1658363,3347136533.775837
2023,Iran,,292104820.20000005,,,
2023,Iran,True,,207968765.3,207968765.3,207968765.3
2024,Iran,,292104820.20000005,,,
2024,Iran,True,,235599252.9,213128052.89133623,213128052.89133623
2025,Iran,,292104820.20000005,,,
2025,Iran,True,,222565252.3,200362184.49204573,193092184.49204573
2026,Iran,,292104820.20000005,,,
2026,Iran,True,,238825013.1,217031419.8131033,202491419.8131033
2027,Iran,,292104820.20000005,,,
2027,Iran,True,,255256659.3,230280719.17610905,208470719.17610908
2023,Iraq,,-1626759833.2999997,,,
2023,Iraq,True,,-1600091201.6999998,-1600091201.6999998,-1600091201.6999998
2024,Iraq,,-1626759833.2999997,,,
2024,Iraq,True,,-721966729.7999997,-706718521.0988255,-706718521.0988255
2025,Iraq,,-1626759833.2999997,,,
2025,Iraq,True,,134838.40000009537,163211695.57951927,86325153.7928524
2026,Iraq,,-1626759833.2999997,,,
2026,Iraq,True,,-26785912.69999981,142639150.4381461,-11133933.135187147
2027,Iraq,,-1626759833.2999997,,,
2027,Iraq,True,,319844458.0,152586833.30270767,-78072792.05729246
2023,Jamaica,,-812908152.4,,,
2023,Jamaica,True,,-891339125.3,-891339125.3,-891339125.3
2024,Jamaica,,-812908152.4,,,
2024,Jamaica,True,,-473764662.7,-472728250.01878256,-472728250.01878256
2025,Jamaica,,-812908152.4,,,
2025,Jamaica,True,,-614314274.1000001,-622218728.7729912,-626654062.1063246
2026,Jamaica,,-812908152.4,,,
2026,Jamaica,True,,-689652636.3,-706173653.0511332,-715044319.7177998
2027,Jamaica,,-812908152.4,,,
2027,Jamaica,True,,-650708819.8,-679321147.8078825,-692627147.8078825
2023,Jordan,,2553232687.6499996,,,
2023,Jordan,True,,4564843061.4,4564843061.4,4564843061.4
2024,Jordan,,2553232687.6499996,,,
2024,Jordan,True,,4834951915.200001,4782793562.431902,4782793562.431902
2025,Jordan,,2553232687.6499996,,,
2025,Jordan,True,,3866128927.500001,3548994585.5822463,3420988968.5422463
2026,Jordan,,2553232687.6499996,,,
2026,Jordan,True,,2139559179.6000004,1566271090.0092068,1310259855.9292068
2027,Jordan,,2553232687.6499996,,,
2027,Jordan,True,,3522440875.1000004,2682631704.288391,2298614853.168391
2023,Kazakhstan,,-2409389845.95,,,
2023,Kazakhstan,True,,-2597207705.2,-2597207705.2,-2597207705.2
2024,Kazakhstan,,-2409389845.95,,,
2024,Kazakhstan,True,,-3124116494.7999997,-3125900760.719437,-3125900760.719437
2025,Kazakhstan,,-2409389845.95,,,
2025,Kazakhstan,True,,-3905379342.9,-3910127508.5297346,-3914416508.5297346
2026,Kazakhstan,,-2409389845.95,,,
2026,Kazakhstan,True,,-2321613633.7999997,-2329463331.129702,-2338041331.129702
2027,Kazakhstan,,-2409389845.95,,,
2027,Kazakhstan,True,,-1166587938.4,-1178083252.8193488,-1190950252.8193488
2023,Kenya,,1456175511.05,,,
2023,Kenya,True,,1436244850.4,1436244850.4,1436244850.4
2024,Kenya,,1456175511.05,,,
2024,Kenya,True,,-933762294.1000004,-936512944.2028522,-936512944.2028522
2025,Kenya,,1456175511.05,,,
2025,Kenya,True,,519547219.2000008,349694252.95021534,245470604.68021584
2026,Kenya,,1456175511.05,,,
2026,Kenya,True,,1107097575.3000002,770433154.8108158,561985858.2708158
2027,Kenya,,1456175511.05,,,
2027,Kenya,True,,1347999202.5000005,821132971.9873223,508462027.1773224
2023,Kosovo,,376554829.7,,,
2023,Kosovo,True,,368443128.0,368443128.0,368443128.0
2024,Kosovo,,376554829.7,,,
2024,Kosovo,True,,310993009.59999996,302479180.50424,302479180.50424
2025,Kosovo,,376554829.7,,,
2025,Kosovo,True,,339313358.2,315093818.35438967,304881651.687723
2026,Kosovo,,376554829.7,,,
2026,Kosovo,True,,338652066.5,300268599.2347045,279844265.9013711
2027,Kosovo,,376554829.7,,,
2027,Kosovo,True,,317657043.0,264832871.2794864,234196371.2794864
2023,Kyrgyz Republic,,479936513.75,,,
2023,Kyrgyz Republic,True,,434530363.1,434530363.1,434530363.1
2024,Kyrgyz Republic,,479936513.75,,,
2024,Kyrgyz Republic,True,,387329026.0,391746932.85426974,391746932.85426974
2025,Kyrgyz Republic,,479936513.75,,,
2025,Kyrgyz Republic,True,,283483624.2,280485513.1481109,257609599.1447776
2026,Kyrgyz Republic,,479936513.75,,,
2026,Kyrgyz Republic,True,,278799840.4,266836531.19873273,221084703.19206607
2027,Kyrgyz Republic,,479936513.75,,,
2027,Kyrgyz Republic,True,,243639643.1,214452828.45803487,145825086.44803488
2023,Laos,,292116117.4499999,,,
2023,Laos,True,,154204113.60000002,154204113.60000002,154204113.60000002
2024,Laos,,292116117.4499999,,,
2024,Laos,True,,-1137162222.1,-1095795095.939763,-1095795095.939763
2025,Laos,,292116117.4499999,,,
2025,Laos,True,,-1304653322.6,-1270324498.8346293,-1291075036.1946292
2026,Laos,,292116117.4499999,,,
2026,Laos,True,,-887686649.5999997,-860489088.122043,-901990162.842043
2027,Laos,,292116117.4499999,,,
2027,Laos,True,,-520007144.5999999,-524466588.7256661,-586718200.8056662
2023,Lebanon,,1684704855.4499998,,,
2023,Lebanon,True,,1812978136.8,1812978136.8,1812978136.8
2024,Lebanon,,1684704855.4499998,,,
2024,Lebanon,True,,-1277157014.8000002,-1343748114.2977014,-1343748114.2977014
2025,Lebanon,,1684704855.4499998,,,
2025,Lebanon,True,,-1653579545.8000002,-1831335251.105713,-1892393883.8690464
2026,Lebanon,,1684704855.4499998,,,
2026,Lebanon,True,,-1576614673.1999998,-1837082746.3359993,-1959200011.862666
2027,Lebanon,,1684704855.4499998,,,
2027,Lebanon,True,,-2048794788.4,-2398734679.727013,-2581910578.0170126
2023,Lesotho,,163203519.75,,,
2023,Lesotho,True,,163972703.2,163972703.2,163972703.2
2024,Lesotho,,163203519.75,,,
2024,Lesotho,True,,144517137.4,145299364.5130726,145299364.5130726
2025,Lesotho,,163203519.75,,,
2025,Lesotho,True,,139518163.9,123245410.56073992,115472307.18073992
2026,Lesotho,,163203519.75,,,
2026,Lesotho,True,,136693870.60000002,103226340.20073654,87680133.44073652
2027,Lesotho,,163203519.75,,,
2027,Lesotho,True,,135460989.60000002,83905963.77796914,60586653.63796915
2023,Liberia,,543541455.6,,,
2023,Liberia,True,,584819114.4,584819114.4,584819114.4
2024,Liberia,,543541455.6,,,
2024,Liberia,True,,572837088.5,563512805.3469379,563512805.3469379
2025,Liberia,,543541455.6,,,
2025,Liberia,True,,569615164.8,529789874.7509271,507324851.93426055
2026,Liberia,,543541455.6,,,
2026,Liberia,True,,567321356.6,494339339.1285862,449409293.4952529
2027,Liberia,,543541455.6,,,
2027,Liberia,True,,564194713.2,455815573.86814934,388420505.41814935
2023,Madagascar,,1199397863.25,,,
2023,Madagascar,True,,1298587487.4,1298587487.4,1298587487.4
2024,Madagascar,,1199397863.25,,,
2024,Madagascar,True,,1196723387.5,1189732690.8999467,1189732690.8999467
2025,Madagascar,,1199397863.25,,,
2025,Madagascar,True,,1176779523.4,1146479428.727381,1102766940.0440476
2026,Madagascar,,1199397863.25,,,
2026,Madagascar,True,,1186877060.5,1128903871.8417456,1041478894.475079
2027,Madagascar,,1199397863.25,,,
2027,Madagascar,True,,1188640524.7,1070575215.0490624,939437748.9990624
2023,Malawi,,1560448192.6,,,
2023,Malawi,True,,1733451521.4,1733451521.4,1733451521.4
2024,Malawi,,1560448192.6,,,
2024,Malawi,True,,1695596642.0,1673739988.3244505,1673739988.3244505
2025,Malawi,,1560448192.6,,,
2025,Malawi,True,,1689523584.4,1590441880.6425416,1521495269.4558752
2026,Malawi,,1560448192.6,,,
2026,Malawi,True,,1679078658.9,1490873012.5146,1352979790.1412668
2027,Malawi,,1560448192.6,,,
2027,Malawi,True,,1660638189.0,1365803026.13975,1158963192.57975
2023,Maldives,,145705862.55,,,
2023,Maldives,True,,341164789.0,341164789.0,341164789.0
2024,Maldives,,145705862.55,,,
2024,Maldives,True,,220219722.6,220779906.936988,220779906.936988
2025,Maldives,,145705862.55,,,
2025,Maldives,True,,75826514.39999998,78155458.28052855,70439946.91386187
2026,Maldives,,145705862.55,,,
2026,Maldives,True,,-369985835.8000001,-367731768.1782155,-383162790.91154885
2027,Maldives,,145705862.55,,,
2027,Maldives,True,,272205015.0,270820710.41987,247674176.31987
2023,Mali,,1305201446.1999998,,,
2023,Mali,True,,1337395145.3,1337395145.3,1337395145.3
2024,Mali,,1305201446.1999998,,,
2024,Mali,True,,1182638367.4,1159206541.2002823,1159206541.2002823
2025,Mali,,1305201446.1999998,,,
2025,Mali,True,,1185266230.9,1089959455.629139,1035808333.289139
2026,Mali,,1305201446.1999998,,,
2026,Mali,True,,1156789473.5,1013521794.4721948,905219549.7921948
2027,Mali,,1305201446.1999998,,,
2027,Mali,True,,1153767211.0,948098593.6042488,785645226.5842487
2023,Mauritania,,154954334.84999996,,,
2023,Mauritania,True,,199978177.09999996,199978177.09999996,199978177.09999996
2024,Mauritania,,154954334.84999996,,,
2024,Mauritania,True,,29247064.699999988,21927881.023662742,21927881.023662742
2025,Mauritania,,154954334.84999996,,,
2025,Mauritania,True,,84631940.80000001,70291497.98834151,58655245.50834149
2026,Mauritania,,154954334.84999996,,,
2026,Mauritania,True,,90092914.7,70851682.69220859,47579177.73220855
2027,Mauritania,,154954334.84999996,,,
2027,Mauritania,True,,82545693.60000002,55468659.00689465,20559901.56689465
2023,Mauritius,,440078679.25,,,
2023,Mauritius,True,,248527081.70000005,248527081.70000005,248527081.70000005
2024,Mauritius,,440078679.25,,,
2024,Mauritius,True,,457869684.0,456738953.6559019,456738953.6559019
2025,Mauritius,,440078679.25,,,
2025,Mauritius,True,,871310032.7,870180789.8545465,869075767.6312132
2026,Mauritius,,440078679.25,,,
2026,Mauritius,True,,1110029877.1,1109080340.922398,1106870296.4757318
2027,Mauritius,,440078679.25,,,
2027,Mauritius,True,,1337522985.7,1335331382.6837018,1332016316.0137022
2023,Mexico,,69436855.89999962,,,
2023,Mexico,True,,-18195773.799999237,-18195773.799999237,-18195773.799999237
2024,Mexico,,69436855.89999962,,,
2024,Mexico,True,,-7016911949.599998,-7032473745.201038,-7032473745.201038
2025,Mexico,,69436855.89999962,,,
2025,Mexico,True,,-4497479191.799999,-4564438612.537975,-4585998945.871307
2026,Mexico,,69436855.89999962,,,
2026,Mexico,True,,-12772979067.600006,-12887670087.817936,-12930790754.484596
2027,Mexico,,69436855.89999962,,,
2027,Mexico,True,,-15183131670.599998,-15346007803.616768,-15410688803.616768
2023,Moldova,,1084164886.1,,,
2023,Moldova,True,,1050158532.6,1050158532.6,1050158532.6
2024,Moldova,,1084164886.1,,,
2024,Moldova,True,,1245478501.6,1229213197.405449,1229213197.405449
2025,Moldova,,1084164886.1,,,
2025,Moldova,True,,1258573030.3,1234462014.263683,1204320574.3136833
2026,Moldova,,1084164886.1,,,
2026,Moldova,True,,1268496546.5,1210749934.7350345,1150467054.8350344
2027,Moldova,,1084164886.1,,,
2027,Moldova,True,,1285745686.1,1142086889.3213153,1051662569.4713156
2023,Mongolia,,-745660948.45,,,
2023,Mongolia,True,,-34336374.400000095,-34336374.400000095,-34336374.400000095
2024,Mongolia,,-745660948.45,,,
2024,Mongolia,True,,1027160741.4,1070385164.1636748,1070385164.1636748
2025,Mongolia,,-745660948.45,,,
2025,Mongolia,True,,957364857.5,996745116.6265148,977920169.9965148
2026,Mongolia,,-745660948.45,,,
2026,Mongolia,True,,-563552378.4000001,-525256100.1924932,-562905993.4524937
2027,Mongolia,,-745660948.45,,,
2027,Mongolia,True,,463122291.2999999,482223340.7682409,425748500.8782408
2023,Montenegro,,-147734619.39999998,,,
2023,Montenegro,True,,-102033915.39999998,-102033915.39999998,-102033915.39999998
2024,Montenegro,,-147734619.39999998,,,
2024,Montenegro,True,,-91935954.59999996,-91979171.07989728,-91979171.07989728
2025,Montenegro,,-147734619.39999998,,,
2025,Montenegro,True,,-630758023.7,-631655677.1547126,-632951841.3647125
2026,Montenegro,,-147734619.39999998,,,
2026,Montenegro,True,,-70861613.19999999,-73072562.62081885,-75664891.04081887
2027,Montenegro,,-147734619.39999998,,,
2027,Montenegro,True,,-851021467.4000001,-854793947.506345,-858682440.1363451
2023,Morocco,,1295796619.5000002,,,
2023,Morocco,True,,2466575632.7000003,2466575632.7000003,2466575632.7000003
2024,Morocco,,1295796619.5000002,,,
2024,Morocco,True,,-847307353.0,-873256869.3743095,-873256869.3743095
2025,Morocco,,1295796619.5000002,,,
2025,Morocco,True,,350308424.4000006,282931757.7278452,253221534.64117813
2026,Morocco,,1295796619.5000002,,,
2026,Morocco,True,,1522352845.8000002,1433622977.2200346,1374202531.0467014
2027,Morocco,,1295796619.5000002,,,
2027,Morocco,True,,1510134894.3000002,1392524657.8872442,1303393988.627244
2023,Mozambique,,2680161637.9,,,
2023,Mozambique,True,,3023447041.5,3023447041.5,3023447041.5
2024,Mozambique,,2680161637.9,,,
2024,Mozambique,True,,2688787376.5,2668463977.7677965,2668463977.7677965
2025,Mozambique,,2680161637.9,,,
2025,Mozambique,True,,2729876410.0,2581428557.4652023,2448596775.54187
2026,Mozambique,,2680161637.9,,,
2026,Mozambique,True,,2748052207.7000003,2466865211.6571703,2201201647.8105035
2027,Mozambique,,2680161637.9,,,
2027,Mozambique,True,,2765106667.6000004,2322822887.394541,1924327541.624541
2023,Myanmar,,389874191.05,,,
2023,Myanmar,True,,565386483.0000001,565386483.0000001,565386483.0000001
2024,Myanmar,,389874191.05,,,
2024,Myanmar,True,,250949525.79999995,282962723.8554256,282962723.8554256
2025,Myanmar,,389874191.05,,,
2025,Myanmar,True,,356106967.3000001,423625886.4177214,374019769.8443881
2026,Myanmar,,389874191.05,,,
2026,Myanmar,True,,342697610.8000001,398505960.4225937,299293727.27592695
2027,Myanmar,,389874191.05,,,
2027,Myanmar,True,,536937100.4,431976354.8700656,283158005.15006554
2023,Nepal,,1114100127.25,,,
2023,Nepal,True,,1131348789.5,1131348789.5,1131348789.5
2024,Nepal,,1114100127.25,,,
2024,Nepal,True,,972651491.2,966981668.0459828,966981668.0459828
2025,Nepal,,1114100127.25,,,
2025,Nepal,True,,901971115.8,897501096.9257472,846323608.2824137
2026,Nepal,,1114100127.25,,,
2026,Nepal,True,,857868109.3999999,829257424.6979878,726902447.4113212
2027,Nepal,,1114100127.25,,,
2027,Nepal,True,,825919692.4999999,729179277.9351543,575646812.0051545
2023,Nicaragua,,342408796.7,,,
2023,Nicaragua,True,,300535574.5,300535574.5,300535574.5
2024,Nicaragua,,342408796.7,,,
2024,Nicaragua,True,,102825431.80000009,105569670.61519288,105569670.61519288
2025,Nicaragua,,342408796.7,,,
2025,Nicaragua,True,,23036681.399999976,19492305.683496,13396989.850162623
2026,Nicaragua,,342408796.7,,,
2026,Nicaragua,True,,-35294987.399999976,-43659133.432154894,-55849765.09882164
2027,Nicaragua,,342408796.7,,,
2027,Nicaragua,True,,-51127029.899999976,-65144512.04129231,-83430459.54129231
2023,Niger,,1529128096.75,,,
2023,Niger,True,,1186854829.9,1186854829.9,1186854829.9
2024,Niger,,1529128096.75,,,
2024,Niger,True,,984160778.1,959572344.386038,959572344.386038
2025,Niger,,1529128096.75,,,
2025,Niger,True,,947152114.1,848398815.5455301,799118218.3088632
2026,Niger,,1529128096.75,,,
2026,Niger,True,,917792984.8,756822394.8318458,658261200.3585124
2027,Niger,,1529128096.75,,,
2027,Niger,True,,896321682.3999999,661789376.1497931,513947584.4397932
2023,Nigeria,,4664755917.650001,,,
2023,Nigeria,True,,4137846555.000001,4137846555.000001,4137846555.000001
2024,Nigeria,,4664755917.650001,,,
2024,Nigeria,True,,4055013544.4000006,4013047809.454292,4013047809.454292
2025,Nigeria,,4664755917.650001,,,
2025,Nigeria,True,,2656045737.8,2413762466.272372,2308415082.795706
2026,Nigeria,,4664755917.650001,,,
2026,Nigeria,True,,3707031530.1,3254520436.6186094,3043825669.6652765
2027,Nigeria,,4664755917.650001,,,
2027,Nigeria,True,,1380055841.6999998,720269167.5992918,404227017.1692915
2023,North Macedonia,,397251093.8000001,,,
2023,North Macedonia,True,,481851951.7000001,481851951.7000001,481851951.7000001
2024,North Macedonia,,397251093.8000001,,,
2024,North Macedonia,True,,379708459.6999999,373117512.05822074,373117512.05822074
2025,North Macedonia,,397251093.8000001,,,
2025,North Macedonia,True,,-171315910.79999995,-183819609.93170357,-188300609.93170357
2026,North Macedonia,,397251093.8000001,,,
2026,North Macedonia,True,,547605712.0,528310009.71132445,519348009.7113247
2027,North Macedonia,,397251093.8000001,,,
2027,North Macedonia,True,,254958834.29999995,229576596.1184857,216133596.1184857
2023,Pakistan,,-1257607630.6000004,,,
2023,Pakistan,True,,-96865722.10000038,-96865722.10000038,-96865722.10000038
2024,Pakistan,,-1257607630.6000004,,,
2024,Pakistan,True,,-6545958922.300001,-6566983033.465546,-6566983033.465546
2025,Pakistan,,-1257607630.6000004,,,
2025,Pakistan,True,,-4346935631.699999,-4405519117.7258415,-4471616154.569174
2026,Pakistan,,-1257607630.6000004,,,
2026,Pakistan,True,,-3603214839.1,-3716842614.1297913,-3849036687.8164577
2027,Pakistan,,-1257607630.6000004,,,
2027,Pakistan,True,,2672911234.8999996,2466479751.205223,2268188640.6752243
2023,Papua New Guinea,,1111519922.4499998,,,
2023,Papua New Guinea,True,,821785185.7,821785185.7,821785185.7
2024,Papua New Guinea,,1111519922.4499998,,,
2024,Papua New Guinea,True,,555138493.5,569829593.4591362,569829593.4591362
2025,Papua New Guinea,,1111519922.4499998,,,
2025,Papua New Guinea,True,,502209717.5,520244546.0450039,498728607.59500384
2026,Papua New Guinea,,1111519922.4499998,,,
2026,Papua New Guinea,True,,455094784.1,481976809.0675386,438944932.1675383
2027,Papua New Guinea,,1111519922.4499998,,,
2027,Papua New Guinea,True,,446037515.9,466542645.0937375,401994829.7437376
2023,Paraguay,,823368547.2500001,,,
2023,Paraguay,True,,453055649.5,453055649.5,453055649.5
2024,Paraguay,,823368547.2500001,,,
2024,Paraguay,True,,369255413.10000014,381052750.9901955,381052750.9901955
2025,Paraguay,,823368547.2500001,,,
2025,Paraguay,True,,286849912.0,298472650.68886566,294626984.0221989
2026,Paraguay,,823368547.2500001,,,
2026,Paraguay,True,,-218917916.89999983,-206910057.57163477,-214601390.90496823
2027,Paraguay,,823368547.2500001,,,
2027,Paraguay,True,,-280917799.39999986,-271746317.2861278,-283283317.2861278
2023,Peru,,-745869361.1500001,,,
2023,Peru,True,,-2098890362.7000003,-2098890362.7000003,-2098890362.7000003
2024,Peru,,-745869361.1500001,,,
2024,Peru,True,,-89562555.0999999,-115153117.28467657,-115153117.28467657
2025,Peru,,-745869361.1500001,,,
2025,Peru,True,,-1252532391.1,-1325243867.9054222,-1351107050.9620886
2026,Peru,,-745869361.1500001,,,
2026,Peru,True,,-1940348660.7000003,-2052676047.8526368,-2104402413.96597
2027,Peru,,-745869361.1500001,,,
2027,Peru,True,,-1360312241.5,-1512902613.6025915,-1590492162.7725916
2023,Philippines,,4697139801.549999,,,
2023,Philippines,True,,4702299120.5,4702299120.5,4702299120.5
2024,Philippines,,4697139801.549999,,,
2024,Philippines,True,,3975643658.8,4084435599.873557,4084435599.873557
2025,Philippines,,4697139801.549999,,,
2025,Philippines,True,,4204141582.8,4518641104.264665,4450327997.757998
2026,Philippines,,4697139801.549999,,,
2026,Philippines,True,,4848568560.299999,5213505655.256544,5076879442.243212
2027,Philippines,,4697139801.549999,,,
2027,Philippines,True,,3439219897.1000004,3465499460.2311516,3260560140.711153
2023,Rwanda,,1502061332.35,,,
2023,Rwanda,True,,1688658358.6,1688658358.6,1688658358.6
2024,Rwanda,,1502061332.35,,,
2024,Rwanda,True,,1709650628.6999998,1703101395.2282486,1703101395.2282486
2025,Rwanda,,1502061332.35,,,
2025,Rwanda,True,,1590812493.5,1542313074.1100993,1489804363.696766
2026,Rwanda,,1502061332.35,,,
2026,Rwanda,True,,1478483133.0,1392266055.0454016,1287248634.2187345
2027,Rwanda,,1502061332.35,,,
2027,Rwanda,True,,1429210445.0,1301514157.4838562,1143988026.243856
2023,Samoa,,97725414.3,,,
2023,Samoa,True,,93708220.3,93708220.3,93708220.3
2024,Samoa,,97725414.3,,,
2024,Samoa,True,,95322149.0,97265589.58599734,97265589.58599734
2025,Samoa,,97725414.3,,,
2025,Samoa,True,,99011301.5,101778353.20868592,97601019.8753526
2026,Samoa,,97725414.3,,,
2026,Samoa,True,,99202671.2,103529691.71734884,95175025.05068216
2027,Samoa,,97725414.3,,,
2027,Samoa,True,,99526311.6,103816551.0986369,91284551.0986369
2023,Sao Tome and Principe,,93511738.0,,,
2023,Sao Tome and Principe,True,,101624281.5,101624281.5,101624281.5
2024,Sao Tome and Principe,,93511738.0,,,
2024,Sao Tome and Principe,True,,77914015.10000001,78202506.96728337,78202506.96728337
2025,Sao Tome and Principe,,93511738.0,,,
2025,Sao Tome and Principe,True,,78776783.80000001,79363862.79807758,76865811.30141091
2026,Sao Tome and Principe,,93511738.0,,,
2026,Sao Tome and Principe,True,,79824582.4,80546281.2992701,75550178.30593675
2027,Sao Tome and Principe,,93511738.0,,,
2027,Sao Tome and Principe,True,,80220271.7,80591903.1580264,73097748.6680264
2023,Senegal,,1664631004.85,,,
2023,Senegal,True,,2312280080.5,2312280080.5,2312280080.5
2024,Senegal,,1664631004.85,,,
2024,Senegal,True,,1634288856.6999998,1615950125.8448544,1615950125.8448544
2025,Senegal,,1664631004.85,,,
2025,Senegal,True,,1483071948.7999997,1393430748.2738905,1342816016.5505571
2026,Senegal,,1664631004.85,,,
2026,Senegal,True,,-2792243.4000000954,-134779685.46004057,-236009148.9067073
2027,Senegal,,1664631004.85,,,
2027,Senegal,True,,1330848494.6999998,1138135000.038854,986290804.8688544
2023,Serbia,,2059371195.7499998,,,
2023,Serbia,True,,2946280799.5999994,2946280799.5999994,2946280799.5999994
2024,Serbia,,2059371195.7499998,,,
2024,Serbia,True,,2047197727.9999995,2034885679.113605,2034885679.113605
2025,Serbia,,2059371195.7499998,,,
2025,Serbia,True,,2959194683.2999997,2936414396.9701505,2927409467.153484
2026,Serbia,,2059371195.7499998,,,
2026,Serbia,True,,2451975576.4999995,2418615642.4979043,2400605782.86457
2027,Serbia,,2059371195.7499998,,,
2027,Serbia,True,,646014836.0999994,601449205.2581291,574434415.8081293
2023,Sierra Leone,,480906540.65,,,
2023,Sierra Leone,True,,476647254.1,476647254.1,476647254.1
2024,Sierra Leone,,480906540.65,,,
2024,Sierra Leone,True,,463555956.6,451315599.6961405,451315599.6961405
2025,Sierra Leone,,480906540.65,,,
2025,Sierra Leone,True,,463027468.6,439999521.9824165,420951905.4590832
2026,Sierra Leone,,480906540.65,,,
2026,Sierra Leone,True,,460000124.3,419943586.9302615,381848353.8835949
2027,Sierra Leone,,480906540.65,,,
2027,Sierra Leone,True,,462758913.1,408027789.4948751,350884939.92487514
2023,Solomon Islands,,254328001.75,,,
2023,Solomon Islands,True,,256936585.6,256936585.6,256936585.6
2024,Solomon Islands,,254328001.75,,,
2024,Solomon Islands,True,,255028677.5,260907506.99016705,260907506.99016705
2025,Solomon Islands,,254328001.75,,,
2025,Solomon Islands,True,,252443631.8,261746701.9036271,253167982.96029377
2026,Solomon Islands,,254328001.75,,,
2026,Solomon Islands,True,,253086253.2,266323068.96035776,249165631.07369104
2027,Solomon Islands,,254328001.75,,,
2027,Solomon Islands,True,,252375921.3,263072588.89449465,237336432.06449467
2023,Somalia,,2170759366.25,,,
2023,Somalia,True,,2389882793.9,2389882793.9,2389882793.9
2024,Somalia,,2170759366.25,,,
2024,Somalia,True,,2349005123.8,2296151494.02054,2296151494.02054
2025,Somalia,,2170759366.25,,,
2025,Somalia,True,,2346525036.6,2093166874.4722953,1985388874.4722955
2026,Somalia,,2170759366.25,,,
2026,Somalia,True,,2348375615.9,1880617666.0458536,1665061666.0458534
2027,Somalia,,2170759366.25,,,
2027,Somalia,True,,2313217644.2,1627643428.4881127,1304309428.4881124
2023,South Africa,,-5902207901.900001,,,
2023,South Africa,True,,-5185930392.3,-5185930392.3,-5185930392.3
2024,South Africa,,-5902207901.900001,,,
2024,South Africa,True,,-6164806832.200002,-6192092347.683661,-6192092347.683661
2025,South Africa,,-5902207901.900001,,,
2025,South Africa,True,,-6691031797.599999,-6845297329.679913,-6916479310.809913
2026,South Africa,,-5902207901.900001,,,
2026,South Africa,True,,-4646141915.3,-4924534165.473125,-5066898127.733126
2027,South Africa,,-5902207901.900001,,,
2027,South Africa,True,,-4617392070.500001,-5018119688.005805,-5231665631.395805
2023,Sri Lanka,,1859547365.75,,,
2023,Sri Lanka,True,,2941307722.2,2941307722.2,2941307722.2
2024,Sri Lanka,,1859547365.75,,,
2024,Sri Lanka,True,,-3298286187.0,-3293901856.557699,-3293901856.557699
2025,Sri Lanka,,1859547365.75,,,
2025,Sri Lanka,True,,-2646516297.9000006,-2649559308.6780767,-2664438478.0914097
2026,Sri Lanka,,1859547365.75,,,
2026,Sri Lanka,True,,-1110971926.5,-1127863110.196909,-1157621449.0235758
2027,Sri Lanka,,1859547365.75,,,
2027,Sri Lanka,True,,-152267344.60000038,-206972090.0530882,-251609598.29308796
2023,St. Lucia,,48549335.849999994,,,
2023,St. Lucia,True,,100635565.8,100635565.8,100635565.8
2024,St. Lucia,,48549335.849999994,,,
2024,St. Lucia,True,,91861134.9,92328927.50236487,92328927.50236487
2025,St. Lucia,,48549335.849999994,,,
2025,St. Lucia,True,,84613923.0,84390635.36024699,83117302.02691364
2026,St. Lucia,,48549335.849999994,,,
2026,St. Lucia,True,,75874154.8,76037760.57305382,73491093.90638714
2027,St. Lucia,,48549335.849999994,,,
2027,St. Lucia,True,,74834937.5,74044321.96083102,70224321.96083102
2023,St. Vincent and the Grenadines,,60889469.7,,,
2023,St. Vincent and the Grenadines,True,,65895225.2,65895225.2,65895225.2
2024,St. Vincent and the Grenadines,,60889469.7,,,
2024,St. Vincent and the Grenadines,True,,51642857.5,51789694.92749463,51789694.92749463
2025,St. Vincent and the Grenadines,,60889469.7,,,
2025,St. Vincent and the Grenadines,True,,48588541.900000006,47991552.639108315,47149485.97244167
2026,St. Vincent and the Grenadines,,60889469.7,,,
2026,St. Vincent and the Grenadines,True,,43099936.30000001,42583572.89610863,40899439.5627753
2027,St. Vincent and the Grenadines,,60889469.7,,,
2027,St. Vincent and the Grenadines,True,,43345410.60000001,42669595.63912088,40143395.63912088
2023,Sudan,,1324262382.4,,,
2023,Sudan,True,,1234278559.4,1234278559.4,1234278559.4
2024,Sudan,,1324262382.4,,,
2024,Sudan,True,,808977119.3,777862909.1026103,777862909.1026103
2025,Sudan,,1324262382.4,,,
2025,Sudan,True,,819209379.8,694737799.5115914,637822466.1782582
2026,Sudan,,1324262382.4,,,
2026,Sudan,True,,855046687.5,633952269.1992364,520121602.5325697
2027,Sudan,,1324262382.4,,,
2027,Sudan,True,,908100304.7,583406485.7933486,412660485.7933484
2023,Suriname,,192210411.2,,,
2023,Suriname,True,,179318448.70000002,179318448.70000002,179318448.70000002
2024,Suriname,,192210411.2,,,
2024,Suriname,True,,1664199.800000012,2378005.719027996,2378005.719027996
2025,Suriname,,192210411.2,,,
2025,Suriname,True,,-9164836.199999988,-8530464.930381536,-10091131.597048163
2026,Suriname,,192210411.2,,,
2026,Suriname,True,,-8591326.800000012,-7531100.717911303,-10652434.051244676
2027,Suriname,,192210411.2,,,
2027,Suriname,True,,-80667510.69999999,-81438566.97639567,-86120566.97639567
2023,Tajikistan,,464976046.45000005,,,
2023,Tajikistan,True,,458186045.3,458186045.3,458186045.3
2024,Tajikistan,,464976046.45000005,,,
2024,Tajikistan,True,,373352495.0,368988402.8270032,368988402.8270032
2025,Tajikistan,,464976046.45000005,,,
2025,Tajikistan,True,,200815080.6,184788083.18720305,163958863.75720298
2026,Tajikistan,,464976046.45000005,,,
2026,Tajikistan,True,,210522863.5,180587071.85067165,138928632.99067163
2027,Tajikistan,,464976046.45000005,,,
2027,Tajikistan,True,,277309580.5,225311328.7401904,162823670.45019042
2023,Tanzania,,3004703337.75,,,
2023,Tanzania,True,,3785460318.8,3785460318.8,3785460318.8
2024,Tanzania,,3004703337.75,,,
2024,Tanzania,True,,3167397253.7000003,3150830434.964458,3150830434.964458
2025,Tanzania,,3004703337.75,,,
2025,Tanzania,True,,2933273493.9000006,2777052382.641423,2652847537.9014225
2026,Tanzania,,3004703337.75,,,
2026,Tanzania,True,,3715503843.7,3434151832.875547,3185742143.3955474
2027,Tanzania,,3004703337.75,,,
2027,Tanzania,True,,3869219052.1,3450854495.304287,3078239961.0842876
2023,Thailand,,-2691178974.4,,,
2023,Thailand,True,,-4609741149.8,-4609741149.8,-4609741149.8
2024,Thailand,,-2691178974.4,,,
2024,Thailand,True,,-2678592910.7000003,-2674006180.2767534,-2674006180.2767534
2025,Thailand,,-2691178974.4,,,
2025,Thailand,True,,-2235271378.0,-2230977214.397777,-2245306446.92111
2026,Thailand,,-2691178974.4,,,
2026,Thailand,True,,-1736865393.9999998,-1744899752.5991488,-1773558217.6458154
2027,Thailand,,-2691178974.4,,,
2027,Thailand,True,,-1962569594.5,-2015572705.374864,-2058560402.9448645
2023,Timor-Leste,,243878782.8,,,
2023,Timor-Leste,True,,260532208.7,260532208.7,260532208.7
2024,Timor-Leste,,243878782.8,,,
2024,Timor-Leste,True,,252078092.7,263846740.55606043,263846740.55606043
2025,Timor-Leste,,243878782.8,,,
2025,Timor-Leste,True,,248011526.0,257859729.8563109,248356963.18964425
2026,Timor-Leste,,243878782.8,,,
2026,Timor-Leste,True,,243474434.2,251434227.4358517,232428694.1025184
2027,Timor-Leste,,243878782.8,,,
2027,Timor-Leste,True,,231552250.0,228168104.09510243,199659804.0951025
2023,Togo,,462477609.9499999,,,
2023,Togo,True,,561043293.6999999,561043293.6999999,561043293.6999999
2024,Togo,,462477609.9499999,,,
2024,Togo,True,,463628094.6,450504615.9737718,450504615.9737718
2025,Togo,,462477609.9499999,,,
2025,Togo,True,,445106688.2999999,422398151.5892234,403238934.3425567
2026,Togo,,462477609.9499999,,,
2026,Togo,True,,407626197.9,380093845.7589483,341775411.265615
2027,Togo,,462477609.9499999,,,
2027,Togo,True,,397444085.99999994,360367370.51968175,302889718.77968174
2023,Tonga,,124221341.85,,,
2023,Tonga,True,,115884142.6,115884142.6,115884142.6
2024,Tonga,,124221341.85,,,
2024,Tonga,True,,110798811.4,113327398.23048487,113327398.23048487
2025,Tonga,,124221341.85,,,
2025,Tonga,True,,111001905.5,115471242.34383851,111002425.05383852
2026,Tonga,,124221341.85,,,
2026,Tonga,True,,111599662.9,118226554.98810823,109288920.40810823
2027,Tonga,,124221341.85,,,
2027,Tonga,True,,112404781.6,117386500.21551631,103980048.3455163
2023,Tunisia,,331034537.8499999,,,
2023,Tunisia,True,,670368342.5999999,670368342.5999999,670368342.5999999
2024,Tunisia,,331034537.8499999,,,
2024,Tunisia,True,,-888323780.5999999,-922821148.0491532,-922821148.0491532
2025,Tunisia,,331034537.8499999,,,
2025,Tunisia,True,,-627423914.0,-676488141.9264989,-706523127.5731654
2026,Tunisia,,331034537.8499999,,,
2026,Tunisia,True,,336228453.0,269443713.14329195,209373741.8499584
2027,Tunisia,,331034537.8499999,,,
2027,Tunisia,True,,868350612.3000002,736508073.9454179,646403117.0054173
2023,Turkmenistan,,-638486783.45,,,
2023,Turkmenistan,True,,-802827295.8000001,-802827295.8000001,-802827295.8000001
2024,Turkmenistan,,-638486783.45,,,
2024,Turkmenistan,True,,-662298298.4,-662149928.4680957,-662149928.4680957
2025,Turkmenistan,,-638486783.45,,,
2025,Turkmenistan,True,,-406131786.0,-406742613.4584707,-407510613.4584707
2026,Turkmenistan,,-638486783.45,,,
2026,Turkmenistan,True,,-332261199.5,-333663794.8493501,-335199794.8493501
2027,Turkmenistan,,-638486783.45,,,
2027,Turkmenistan,True,,-264805756.0999999,-267268480.69273496,-269572480.69273496
2023,Trkiye,,790719654.4499989,,,
2023,Trkiye,True,,2225333370.0999985,2225333370.0999985,2225333370.0999985
2024,Trkiye,,790719654.4499989,,,
2024,Trkiye,True,,-796270997.2000008,-833696327.5811768,-833696327.5811768
2025,Trkiye,,790719654.4499989,,,
2025,Trkiye,True,,-3441715527.7000046,-3497412929.064495,-3550762392.837826
2026,Trkiye,,790719654.4499989,,,
2026,Trkiye,True,,301499456.6000023,213517286.7512741,106818359.2046051
2027,Trkiye,,790719654.4499989,,,
2027,Trkiye,True,,4633165879.400002,4477572083.15229,4317523691.832291
2023,Uganda,,2335403219.65,,,
2023,Uganda,True,,2614843441.3,2614843441.3,2614843441.3
2024,Uganda,,2335403219.65,,,
2024,Uganda,True,,2370947523.6,2360614467.4962025,2360614467.4962025
2025,Uganda,,2335403219.65,,,
2025,Uganda,True,,2332867192.1,2191776463.4213233,2096359050.5913231
2026,Uganda,,2335403219.65,,,
2026,Uganda,True,,2339170675.2,2063756736.232312,1872921910.5723124
2027,Uganda,,2335403219.65,,,
2027,Uganda,True,,2378076445.7999997,1937549361.8560843,1651297123.366084
2023,Uzbekistan,,3411185736.85,,,
2023,Uzbekistan,True,,3602593793.0,3602593793.0,3602593793.0
2024,Uzbekistan,,3411185736.85,,,
2024,Uzbekistan,True,,2738388319.3,2766492376.9880295,2766492376.9880295
2025,Uzbekistan,,3411185736.85,,,
2025,Uzbekistan,True,,2144762437.3,2213752289.336591,2191976203.2032576
2026,Uzbekistan,,3411185736.85,,,
2026,Uzbekistan,True,,1899869928.0,1979586584.074544,1936034411.8078775
2027,Uzbekistan,,3411185736.85,,,
2027,Uzbekistan,True,,2221340138.9,2230402841.6191554,2165074583.219155
2023,Vanuatu,,150418793.60000002,,,
2023,Vanuatu,True,,157291162.8,157291162.8,157291162.8
2024,Vanuatu,,150418793.60000002,,,
2024,Vanuatu,True,,156753224.0,159862524.253069,159862524.253069
2025,Vanuatu,,150418793.60000002,,,
2025,Vanuatu,True,,155734829.3,161705397.28442082,155997597.28442082
2026,Vanuatu,,150418793.60000002,,,
2026,Vanuatu,True,,150502972.60000002,159455921.581971,148040321.58197105
2027,Vanuatu,,150418793.60000002,,,
2027,Vanuatu,True,,150121105.3,156060241.3623075,138936841.3623075
2023,Vietnam,,-2098517508.3000002,,,
2023,Vietnam,True,,-2275218888.8,-2275218888.8,-2275218888.8
2024,Vietnam,,-2098517508.3000002,,,
2024,Vietnam,True,,-3660978648.7,-3572724477.6458592,-3572724477.6458592
2025,Vietnam,,-2098517508.3000002,,,
2025,Vietnam,True,,-2401720739.3,-2216043319.0740337,-2273565439.144034
2026,Vietnam,,-2098517508.3000002,,,
2026,Vietnam,True,,-2213411271.7,-2005203706.8379412,-2120247946.9779415
2027,Vietnam,,-2098517508.3000002,,,
2027,Vietnam,True,,-2004304187.2,-2004060314.3012447,-2176626674.511245
2023,Yemen,,2766395736.0,,,
2023,Yemen,True,,2667523022.6,2667523022.6,2667523022.6
2024,Yemen,,2766395736.0,,,
2024,Yemen,True,,2192416656.3,2111498503.741027,2111498503.741027
2025,Yemen,,2766395736.0,,,
2025,Yemen,True,,2321079241.1,2068014048.137252,1956037381.470585
2026,Yemen,,2766395736.0,,,
2026,Yemen,True,,2362374475.2,1929626084.0199063,1705672750.6865735
2027,Yemen,,2766395736.0,,,
2027,Yemen,True,,2377364225.4,1758538163.254651,1422608163.2546513
2023,Zambia,,1236953809.55,,,
2023,Zambia,True,,1049926455.9,1049926455.9,1049926455.9
2024,Zambia,,1236953809.55,,,
2024,Zambia,True,,-1188723040.1,-1204885719.7857926,-1204885719.7857926
2025,Zambia,,1236953809.55,,,
2025,Zambia,True,,-487359399.89999986,-589141377.2575064,-637778191.104173
2026,Zambia,,1236953809.55,,,
2026,Zambia,True,,-275218520.89999986,-470436177.634243,-567709805.3275764
2027,Zambia,,1236953809.55,,,
2027,Zambia,True,,-175772742.29999995,-468168236.9244213,-614078678.4644212
2023,Zimbabwe,,1104687832.85,,,
2023,Zimbabwe,True,,1152654392.7,1152654392.7,1152654392.7
2024,Zimbabwe,,1104687832.85,,,
2024,Zimbabwe,True,,982848884.8,970252419.7157748,970252419.7157748
2025,Zimbabwe,,1104687832.85,,,
2025,Zimbabwe,True,,960313279.2,885007422.6651495,849128880.7051494
2026,Zimbabwe,,1104687832.85,,,
2026,Zimbabwe,True,,926675033.5,782108712.1240726,710351628.2040724
2027,Zimbabwe,,1104687832.85,,,
2027,Zimbabwe,True,,809272247.0,597319929.729796,489684303.84979606
